{
  "bookings": [
    {
      "date": "2025-08-20",
      "memberName": "Kaushal",
      "deviceInfo": "Apple Silicon Mac (Chrome 138) - macOS 10.15.7",
      "id": "79e1a872-3977-4fdc-bc33-bf9741368372",
      "createdAt": "2025-08-19T12:57:21.184Z"
    },
    {
      "date": "2025-08-22",
      "memberName": "Kaushal",
      "deviceInfo": "Apple Silicon Mac (Chrome 138) - macOS 10.15.7",
      "id": "9ba2e5d6-ed65-49b8-86f8-4308b24168e6",
      "createdAt": "2025-08-19T12:57:25.693Z"
    },
    {
      "date": "2025-08-25",
      "memberName": "Kaushal",
      "deviceInfo": "Android Device (Android 10)",
      "id": "16601ef3-6a40-4e2d-9893-a883df1ba519",
      "createdAt": "2025-08-19T12:59:06.059Z"
    },
    {
      "date": "2025-08-25",
      "memberName": "Gagan",
      "deviceInfo": "iPhone (iOS 18.6)",
      "id": "0b7d9c1f-955a-4f65-9365-b2e6d6fe6d77",
      "createdAt": "2025-08-19T13:13:44.946Z"
    },
    {
      "date": "2025-08-27",
      "memberName": "Gagan",
      "deviceInfo": "iPhone (iOS 18.6)",
      "id": "d0f2f0da-bd03-4332-88f1-262795048002",
      "createdAt": "2025-08-19T13:13:49.437Z"
    },
    {
      "date": "2025-08-29",
      "memberName": "Gagan",
      "deviceInfo": "iPhone (iOS 18.6)",
      "id": "25d66d63-d24e-4340-8650-661540926fa7",
      "createdAt": "2025-08-19T13:13:53.775Z"
    },
    {
      "date": "2025-08-20",
      "memberName": "Rahul",
      "deviceInfo": "iPhone (iOS 18.5)",
      "id": "78e7548f-39ab-4e1f-a054-1f92f1e37dc9",
      "createdAt": "2025-08-19T16:01:15.649Z"
    },
    {
      "date": "2025-08-21",
      "memberName": "RK",
      "deviceInfo": "Android Device (Android 10)",
      "id": "2f83fa0c-6d5c-4257-97be-62d8dcf05693",
      "createdAt": "2025-08-19T16:04:23.042Z"
    },
    {
      "date": "2025-08-22",
      "memberName": "RK",
      "deviceInfo": "Android Device (Android 10)",
      "id": "c582ab33-3b4e-46b9-82ea-f775f967ca4a",
      "createdAt": "2025-08-19T16:04:26.343Z"
    },
    {
      "date": "2025-08-26",
      "memberName": "RK",
      "deviceInfo": "Android Device (Android 10)",
      "id": "c28ea3bc-5322-4b73-a334-94119186af4a",
      "createdAt": "2025-08-19T16:05:00.304Z"
    },
    {
      "date": "2025-08-28",
      "memberName": "RK",
      "deviceInfo": "Android Device (Android 10)",
      "id": "4924db8b-6426-4287-be22-e2f660841d45",
      "createdAt": "2025-08-19T16:05:05.657Z"
    },
    {
      "date": "2025-08-29",
      "memberName": "RK",
      "deviceInfo": "Android Device (Android 10)",
      "id": "9f1307ac-6534-4b60-ae11-4d291e77d34e",
      "createdAt": "2025-08-19T16:05:11.057Z"
    }
  ],
  "activities": [
    {
      "type": "book",
      "memberName": "RK",
      "date": "2025-08-28",
      "deviceInfo": "Android Device (Android 10)",
      "id": "2bccb565-b2b3-4f24-9992-3ac5c25b7e4f",
      "createdAt": "2025-08-19T16:05:05.657Z"
    },
    {
      "type": "book",
      "memberName": "RK",
      "date": "2025-08-26",
      "deviceInfo": "Android Device (Android 10)",
      "id": "9fccac84-5609-412c-bfac-a8a1f4c15a3e",
      "createdAt": "2025-08-19T16:05:00.304Z"
    },
    {
      "type": "book",
      "memberName": "RK",
      "date": "2025-08-22",
      "deviceInfo": "Android Device (Android 10)",
      "id": "1014523a-f53f-4870-a499-96147cfb5bd4",
      "createdAt": "2025-08-19T16:04:26.344Z"
    },
    {
      "type": "book",
      "memberName": "RK",
      "date": "2025-08-21",
      "deviceInfo": "Android Device (Android 10)",
      "id": "ad2c9a4a-2f73-4cfd-a3a2-47cd2232b9d8",
      "createdAt": "2025-08-19T16:04:23.043Z"
    },
    {
      "type": "book",
      "memberName": "Rahul",
      "date": "2025-08-20",
      "deviceInfo": "iPhone (iOS 18.5)",
      "id": "d3e3e2df-9533-408e-9619-003fb54e691d",
      "createdAt": "2025-08-19T16:01:15.652Z"
    },
    {
      "type": "book",
      "memberName": "Gagan",
      "date": "2025-08-29",
      "deviceInfo": "iPhone (iOS 18.6)",
      "id": "6b56b1f8-f8e7-4786-af42-6250aba715bb",
      "createdAt": "2025-08-19T13:13:53.775Z"
    },
    {
      "type": "book",
      "memberName": "Gagan",
      "date": "2025-08-27",
      "deviceInfo": "iPhone (iOS 18.6)",
      "id": "13f7ec99-38c0-4c3c-92a3-7674897eaccf",
      "createdAt": "2025-08-19T13:13:49.438Z"
    },
    {
      "type": "book",
      "memberName": "Gagan",
      "date": "2025-08-25",
      "deviceInfo": "iPhone (iOS 18.6)",
      "id": "1564b23d-fe5b-47a5-9f94-f0aaa3ba2b42",
      "createdAt": "2025-08-19T13:13:44.946Z"
    },
    {
      "type": "book",
      "memberName": "Kaushal",
      "date": "2025-08-25",
      "deviceInfo": "Android Device (Android 10)",
      "id": "98eec9f9-5055-43a4-b41d-ae8ccbde4a90",
      "createdAt": "2025-08-19T12:59:06.060Z"
    },
    {
      "type": "book",
      "memberName": "Kaushal",
      "date": "2025-08-22",
      "deviceInfo": "Apple Silicon Mac (Chrome 138) - macOS 10.15.7",
      "id": "aabfec6e-8f27-417f-8442-ca2ba317550d",
      "createdAt": "2025-08-19T12:57:25.693Z"
    },
    {
      "type": "book",
      "memberName": "Kaushal",
      "date": "2025-08-20",
      "deviceInfo": "Apple Silicon Mac (Chrome 138) - macOS 10.15.7",
      "id": "e5a70f20-ced0-4a46-8527-d99751a05216",
      "createdAt": "2025-08-19T12:57:21.185Z"
    },
    {
      "type": "book",
      "memberName": "RK",
      "date": "2025-08-29",
      "deviceInfo": "Android Device (Android 10)",
      "id": "08a05f09-3225-48cf-9a78-cae16bd8ee4a",
      "createdAt": "2025-08-19T16:05:11.057Z"
    }
  ],
  "lastUpdated": "2025-08-19T16:05:11.057Z"
}